id,name,email
1,User0001,user1@example.com
2,User0002,user2@example.com
3,User0003,user3@example.com
4,User0004,user4@example.com
5,User0005,user5@example.com
6,User0006,user6@example.com
7,User0007,user7@example.com
8,User0008,user8@example.com
9,User0009,user9@example.com
10,User0010,user10@example.com
11,User0011,user11@example.com
12,User0012,user12@example.com
13,User0013,user13@example.com
14,User0014,user14@example.com
15,User0015,user15@example.com
16,User0016,user16@example.com
17,User0017,user17@example.com
18,User0018,user18@example.com
19,User0019,user19@example.com
20,User0020,user20@example.com
21,User0021,user21@example.com
22,User0022,user22@example.com
23,User0023,user23@example.com
24,User0024,user24@example.com
25,User0025,user25@example.com
26,User0026,user26@example.com
27,User0027,user27@example.com
28,User0028,user28@example.com
29,User0029,user29@example.com
30,User0030,user30@example.com
31,User0031,user31@example.com
32,User0032,user32@example.com
33,User0033,user33@example.com
34,User0034,user34@example.com
35,User0035,user35@example.com
36,User0036,user36@example.com
37,User0037,user37@example.com
38,User0038,user38@example.com
39,User0039,user39@example.com
40,User0040,user40@example.com
41,User0041,user41@example.com
42,User0042,user42@example.com
43,User0043,user43@example.com
44,User0044,user44@example.com
45,User0045,user45@example.com
46,User0046,user46@example.com
47,User0047,user47@example.com
48,User0048,user48@example.com
49,User0049,user49@example.com
50,User0050,user50@example.com
51,User0051,user51@example.com
52,User0052,user52@example.com
53,User0053,user53@example.com
54,User0054,user54@example.com
55,User0055,user55@example.com
56,User0056,user56@example.com
57,User0057,user57@example.com
58,User0058,user58@example.com
59,User0059,user59@example.com
60,User0060,user60@example.com
61,User0061,user61@example.com
62,User0062,user62@example.com
63,User0063,user63@example.com
64,User0064,user64@example.com
65,User0065,user65@example.com
66,User0066,user66@example.com
67,User0067,user67@example.com
68,User0068,user68@example.com
69,User0069,user69@example.com
70,User0070,user70@example.com
71,User0071,user71@example.com
72,User0072,user72@example.com
73,User0073,user73@example.com
74,User0074,user74@example.com
75,User0075,user75@example.com
76,User0076,user76@example.com
77,User0077,user77@example.com
78,User0078,user78@example.com
79,User0079,user79@example.com
80,User0080,user80@example.com
81,User0081,user81@example.com
82,User0082,user82@example.com
83,User0083,user83@example.com
84,User0084,user84@example.com
85,User0085,user85@example.com
86,User0086,user86@example.com
87,User0087,user87@example.com
88,User0088,user88@example.com
89,User0089,user89@example.com
90,User0090,user90@example.com
91,User0091,user91@example.com
92,User0092,user92@example.com
93,User0093,user93@example.com
94,User0094,user94@example.com
95,User0095,user95@example.com
96,User0096,user96@example.com
97,User0097,user97@example.com
98,User0098,user98@example.com
99,User0099,user99@example.com
100,User0100,user100@example.com
101,User0101,user101@example.com
102,User0102,user102@example.com
103,User0103,user103@example.com
104,User0104,user104@example.com
105,User0105,user105@example.com
106,User0106,user106@example.com
107,User0107,user107@example.com
108,User0108,user108@example.com
109,User0109,user109@example.com
110,User0110,user110@example.com
111,User0111,user111@example.com
112,User0112,user112@example.com
113,User0113,user113@example.com
114,User0114,user114@example.com
115,User0115,user115@example.com
116,User0116,user116@example.com
117,User0117,user117@example.com
118,User0118,user118@example.com
119,User0119,user119@example.com
120,User0120,user120@example.com
121,User0121,user121@example.com
122,User0122,user122@example.com
123,User0123,user123@example.com
124,User0124,user124@example.com
125,User0125,user125@example.com
126,User0126,user126@example.com
127,User0127,user127@example.com
128,User0128,user128@example.com
129,User0129,user129@example.com
130,User0130,user130@example.com
131,User0131,user131@example.com
132,User0132,user132@example.com
133,User0133,user133@example.com
134,User0134,user134@example.com
135,User0135,user135@example.com
136,User0136,user136@example.com
137,User0137,user137@example.com
138,User0138,user138@example.com
139,User0139,user139@example.com
140,User0140,user140@example.com
141,User0141,user141@example.com
142,User0142,user142@example.com
143,User0143,user143@example.com
144,User0144,user144@example.com
145,User0145,user145@example.com
146,User0146,user146@example.com
147,User0147,user147@example.com
148,User0148,user148@example.com
149,User0149,user149@example.com
150,User0150,user150@example.com
151,User0151,user151@example.com
152,User0152,user152@example.com
153,User0153,user153@example.com
154,User0154,user154@example.com
155,User0155,user155@example.com
156,User0156,user156@example.com
157,User0157,user157@example.com
158,User0158,user158@example.com
159,User0159,user159@example.com
160,User0160,user160@example.com
161,User0161,user161@example.com
162,User0162,user162@example.com
163,User0163,user163@example.com
164,User0164,user164@example.com
165,User0165,user165@example.com
166,User0166,user166@example.com
167,User0167,user167@example.com
168,User0168,user168@example.com
169,User0169,user169@example.com
170,User0170,user170@example.com
171,User0171,user171@example.com
172,User0172,user172@example.com
173,User0173,user173@example.com
174,User0174,user174@example.com
175,User0175,user175@example.com
176,User0176,user176@example.com
177,User0177,user177@example.com
178,User0178,user178@example.com
179,User0179,user179@example.com
180,User0180,user180@example.com
181,User0181,user181@example.com
182,User0182,user182@example.com
183,User0183,user183@example.com
184,User0184,user184@example.com
185,User0185,user185@example.com
186,User0186,user186@example.com
187,User0187,user187@example.com
188,User0188,user188@example.com
189,User0189,user189@example.com
190,User0190,user190@example.com
191,User0191,user191@example.com
192,User0192,user192@example.com
193,User0193,user193@example.com
194,User0194,user194@example.com
195,User0195,user195@example.com
196,User0196,user196@example.com
197,User0197,user197@example.com
198,User0198,user198@example.com
199,User0199,user199@example.com
200,User0200,user200@example.com
201,User0201,user201@example.com
202,User0202,user202@example.com
203,User0203,user203@example.com
204,User0204,user204@example.com
205,User0205,user205@example.com
206,User0206,user206@example.com
207,User0207,user207@example.com
208,User0208,user208@example.com
209,User0209,user209@example.com
210,User0210,user210@example.com
211,User0211,user211@example.com
212,User0212,user212@example.com
213,User0213,user213@example.com
214,User0214,user214@example.com
215,User0215,user215@example.com
216,User0216,user216@example.com
217,User0217,user217@example.com
218,User0218,user218@example.com
219,User0219,user219@example.com
220,User0220,user220@example.com
221,User0221,user221@example.com
222,User0222,user222@example.com
223,User0223,user223@example.com
224,User0224,user224@example.com
225,User0225,user225@example.com
226,User0226,user226@example.com
227,User0227,user227@example.com
228,User0228,user228@example.com
229,User0229,user229@example.com
230,User0230,user230@example.com
231,User0231,user231@example.com
232,User0232,user232@example.com
233,User0233,user233@example.com
234,User0234,user234@example.com
235,User0235,user235@example.com
236,User0236,user236@example.com
237,User0237,user237@example.com
238,User0238,user238@example.com
239,User0239,user239@example.com
240,User0240,user240@example.com
241,User0241,user241@example.com
242,User0242,user242@example.com
243,User0243,user243@example.com
244,User0244,user244@example.com
245,User0245,user245@example.com
246,User0246,user246@example.com
247,User0247,user247@example.com
248,User0248,user248@example.com
249,User0249,user249@example.com
250,User0250,user250@example.com
251,User0251,user251@example.com
252,User0252,user252@example.com
253,User0253,user253@example.com
254,User0254,user254@example.com
255,User0255,user255@example.com
256,User0256,user256@example.com
257,User0257,user257@example.com
258,User0258,user258@example.com
259,User0259,user259@example.com
260,User0260,user260@example.com
261,User0261,user261@example.com
262,User0262,user262@example.com
263,User0263,user263@example.com
264,User0264,user264@example.com
265,User0265,user265@example.com
266,User0266,user266@example.com
267,User0267,user267@example.com
268,User0268,user268@example.com
269,User0269,user269@example.com
270,User0270,user270@example.com
271,User0271,user271@example.com
272,User0272,user272@example.com
273,User0273,user273@example.com
274,User0274,user274@example.com
275,User0275,user275@example.com
276,User0276,user276@example.com
277,User0277,user277@example.com
278,User0278,user278@example.com
279,User0279,user279@example.com
280,User0280,user280@example.com
281,User0281,user281@example.com
282,User0282,user282@example.com
283,User0283,user283@example.com
284,User0284,user284@example.com
285,User0285,user285@example.com
286,User0286,user286@example.com
287,User0287,user287@example.com
288,User0288,user288@example.com
289,User0289,user289@example.com
290,User0290,user290@example.com
291,User0291,user291@example.com
292,User0292,user292@example.com
293,User0293,user293@example.com
294,User0294,user294@example.com
295,User0295,user295@example.com
296,User0296,user296@example.com
297,User0297,user297@example.com
298,User0298,user298@example.com
299,User0299,user299@example.com
300,User0300,user300@example.com
301,User0301,user301@example.com
302,User0302,user302@example.com
303,User0303,user303@example.com
304,User0304,user304@example.com
305,User0305,user305@example.com
306,User0306,user306@example.com
307,User0307,user307@example.com
308,User0308,user308@example.com
309,User0309,user309@example.com
310,User0310,user310@example.com
311,User0311,user311@example.com
312,User0312,user312@example.com
313,User0313,user313@example.com
314,User0314,user314@example.com
315,User0315,user315@example.com
316,User0316,user316@example.com
317,User0317,user317@example.com
318,User0318,user318@example.com
319,User0319,user319@example.com
320,User0320,user320@example.com
321,User0321,user321@example.com
322,User0322,user322@example.com
323,User0323,user323@example.com
324,User0324,user324@example.com
325,User0325,user325@example.com
326,User0326,user326@example.com
327,User0327,user327@example.com
328,User0328,user328@example.com
329,User0329,user329@example.com
330,User0330,user330@example.com
331,User0331,user331@example.com
332,User0332,user332@example.com
333,User0333,user333@example.com
334,User0334,user334@example.com
335,User0335,user335@example.com
336,User0336,user336@example.com
337,User0337,user337@example.com
338,User0338,user338@example.com
339,User0339,user339@example.com
340,User0340,user340@example.com
341,User0341,user341@example.com
342,User0342,user342@example.com
343,User0343,user343@example.com
344,User0344,user344@example.com
345,User0345,user345@example.com
346,User0346,user346@example.com
347,User0347,user347@example.com
348,User0348,user348@example.com
349,User0349,user349@example.com
350,User0350,user350@example.com
351,User0351,user351@example.com
352,User0352,user352@example.com
353,User0353,user353@example.com
354,User0354,user354@example.com
355,User0355,user355@example.com
356,User0356,user356@example.com
357,User0357,user357@example.com
358,User0358,user358@example.com
359,User0359,user359@example.com
360,User0360,user360@example.com
361,User0361,user361@example.com
362,User0362,user362@example.com
363,User0363,user363@example.com
364,User0364,user364@example.com
365,User0365,user365@example.com
366,User0366,user366@example.com
367,User0367,user367@example.com
368,User0368,user368@example.com
369,User0369,user369@example.com
370,User0370,user370@example.com
371,User0371,user371@example.com
372,User0372,user372@example.com
373,User0373,user373@example.com
374,User0374,user374@example.com
375,User0375,user375@example.com
376,User0376,user376@example.com
377,User0377,user377@example.com
378,User0378,user378@example.com
379,User0379,user379@example.com
380,User0380,user380@example.com
381,User0381,user381@example.com
382,User0382,user382@example.com
383,User0383,user383@example.com
384,User0384,user384@example.com
385,User0385,user385@example.com
386,User0386,user386@example.com
387,User0387,user387@example.com
388,User0388,user388@example.com
389,User0389,user389@example.com
390,User0390,user390@example.com
391,User0391,user391@example.com
392,User0392,user392@example.com
393,User0393,user393@example.com
394,User0394,user394@example.com
395,User0395,user395@example.com
396,User0396,user396@example.com
397,User0397,user397@example.com
398,User0398,user398@example.com
399,User0399,user399@example.com
400,User0400,user400@example.com
401,User0401,user401@example.com
402,User0402,user402@example.com
403,User0403,user403@example.com
404,User0404,user404@example.com
405,User0405,user405@example.com
406,User0406,user406@example.com
407,User0407,user407@example.com
408,User0408,user408@example.com
409,User0409,user409@example.com
410,User0410,user410@example.com
411,User0411,user411@example.com
412,User0412,user412@example.com
413,User0413,user413@example.com
414,User0414,user414@example.com
415,User0415,user415@example.com
416,User0416,user416@example.com
417,User0417,user417@example.com
418,User0418,user418@example.com
419,User0419,user419@example.com
420,User0420,user420@example.com
421,User0421,user421@example.com
422,User0422,user422@example.com
423,User0423,user423@example.com
424,User0424,user424@example.com
425,User0425,user425@example.com
426,User0426,user426@example.com
427,User0427,user427@example.com
428,User0428,user428@example.com
429,User0429,user429@example.com
430,User0430,user430@example.com
431,User0431,user431@example.com
432,User0432,user432@example.com
433,User0433,user433@example.com
434,User0434,user434@example.com
435,User0435,user435@example.com
436,User0436,user436@example.com
437,User0437,user437@example.com
438,User0438,user438@example.com
439,User0439,user439@example.com
440,User0440,user440@example.com
441,User0441,user441@example.com
442,User0442,user442@example.com
443,User0443,user443@example.com
444,User0444,user444@example.com
445,User0445,user445@example.com
446,User0446,user446@example.com
447,User0447,user447@example.com
448,User0448,user448@example.com
449,User0449,user449@example.com
450,User0450,user450@example.com
451,User0451,user451@example.com
452,User0452,user452@example.com
453,User0453,user453@example.com
454,User0454,user454@example.com
455,User0455,user455@example.com
456,User0456,user456@example.com
457,User0457,user457@example.com
458,User0458,user458@example.com
459,User0459,user459@example.com
460,User0460,user460@example.com
461,User0461,user461@example.com
462,User0462,user462@example.com
463,User0463,user463@example.com
464,User0464,user464@example.com
465,User0465,user465@example.com
466,User0466,user466@example.com
467,User0467,user467@example.com
468,User0468,user468@example.com
469,User0469,user469@example.com
470,User0470,user470@example.com
471,User0471,user471@example.com
472,User0472,user472@example.com
473,User0473,user473@example.com
474,User0474,user474@example.com
475,User0475,user475@example.com
476,User0476,user476@example.com
477,User0477,user477@example.com
478,User0478,user478@example.com
479,User0479,user479@example.com
480,User0480,user480@example.com
481,User0481,user481@example.com
482,User0482,user482@example.com
483,User0483,user483@example.com
484,User0484,user484@example.com
485,User0485,user485@example.com
486,User0486,user486@example.com
487,User0487,user487@example.com
488,User0488,user488@example.com
489,User0489,user489@example.com
490,User0490,user490@example.com
491,User0491,user491@example.com
492,User0492,user492@example.com
493,User0493,user493@example.com
494,User0494,user494@example.com
495,User0495,user495@example.com
496,User0496,user496@example.com
497,User0497,user497@example.com
498,User0498,user498@example.com
499,User0499,user499@example.com
500,User0500,user500@example.com
501,User0501,user501@example.com
502,User0502,user502@example.com
503,User0503,user503@example.com
504,User0504,user504@example.com
505,User0505,user505@example.com
506,User0506,user506@example.com
507,User0507,user507@example.com
508,User0508,user508@example.com
509,User0509,user509@example.com
510,User0510,user510@example.com
511,User0511,user511@example.com
512,User0512,user512@example.com
513,User0513,user513@example.com
514,User0514,user514@example.com
515,User0515,user515@example.com
516,User0516,user516@example.com
517,User0517,user517@example.com
518,User0518,user518@example.com
519,User0519,user519@example.com
520,User0520,user520@example.com
521,User0521,user521@example.com
522,User0522,user522@example.com
523,User0523,user523@example.com
524,User0524,user524@example.com
525,User0525,user525@example.com
526,User0526,user526@example.com
527,User0527,user527@example.com
528,User0528,user528@example.com
529,User0529,user529@example.com
530,User0530,user530@example.com
531,User0531,user531@example.com
532,User0532,user532@example.com
533,User0533,user533@example.com
534,User0534,user534@example.com
535,User0535,user535@example.com
536,User0536,user536@example.com
537,User0537,user537@example.com
538,User0538,user538@example.com
539,User0539,user539@example.com
540,User0540,user540@example.com
541,User0541,user541@example.com
542,User0542,user542@example.com
543,User0543,user543@example.com
544,User0544,user544@example.com
545,User0545,user545@example.com
546,User0546,user546@example.com
547,User0547,user547@example.com
548,User0548,user548@example.com
549,User0549,user549@example.com
550,User0550,user550@example.com
551,User0551,user551@example.com
552,User0552,user552@example.com
553,User0553,user553@example.com
554,User0554,user554@example.com
555,User0555,user555@example.com
556,User0556,user556@example.com
557,User0557,user557@example.com
558,User0558,user558@example.com
559,User0559,user559@example.com
560,User0560,user560@example.com
561,User0561,user561@example.com
562,User0562,user562@example.com
563,User0563,user563@example.com
564,User0564,user564@example.com
565,User0565,user565@example.com
566,User0566,user566@example.com
567,User0567,user567@example.com
568,User0568,user568@example.com
569,User0569,user569@example.com
570,User0570,user570@example.com
571,User0571,user571@example.com
572,User0572,user572@example.com
573,User0573,user573@example.com
574,User0574,user574@example.com
575,User0575,user575@example.com
576,User0576,user576@example.com
577,User0577,user577@example.com
578,User0578,user578@example.com
579,User0579,user579@example.com
580,User0580,user580@example.com
581,User0581,user581@example.com
582,User0582,user582@example.com
583,User0583,user583@example.com
584,User0584,user584@example.com
585,User0585,user585@example.com
586,User0586,user586@example.com
587,User0587,user587@example.com
588,User0588,user588@example.com
589,User0589,user589@example.com
590,User0590,user590@example.com
591,User0591,user591@example.com
592,User0592,user592@example.com
593,User0593,user593@example.com
594,User0594,user594@example.com
595,User0595,user595@example.com
596,User0596,user596@example.com
597,User0597,user597@example.com
598,User0598,user598@example.com
599,User0599,user599@example.com
600,User0600,user600@example.com
601,User0601,user601@example.com
602,User0602,user602@example.com
603,User0603,user603@example.com
604,User0604,user604@example.com
605,User0605,user605@example.com
606,User0606,user606@example.com
607,User0607,user607@example.com
608,User0608,user608@example.com
609,User0609,user609@example.com
610,User0610,user610@example.com
611,User0611,user611@example.com
612,User0612,user612@example.com
613,User0613,user613@example.com
614,User0614,user614@example.com
615,User0615,user615@example.com
616,User0616,user616@example.com
617,User0617,user617@example.com
618,User0618,user618@example.com
619,User0619,user619@example.com
620,User0620,user620@example.com
621,User0621,user621@example.com
622,User0622,user622@example.com
623,User0623,user623@example.com
624,User0624,user624@example.com
625,User0625,user625@example.com
626,User0626,user626@example.com
627,User0627,user627@example.com
628,User0628,user628@example.com
629,User0629,user629@example.com
630,User0630,user630@example.com
631,User0631,user631@example.com
632,User0632,user632@example.com
633,User0633,user633@example.com
634,User0634,user634@example.com
635,User0635,user635@example.com
636,User0636,user636@example.com
637,User0637,user637@example.com
638,User0638,user638@example.com
639,User0639,user639@example.com
640,User0640,user640@example.com
641,User0641,user641@example.com
642,User0642,user642@example.com
643,User0643,user643@example.com
644,User0644,user644@example.com
645,User0645,user645@example.com
646,User0646,user646@example.com
647,User0647,user647@example.com
648,User0648,user648@example.com
649,User0649,user649@example.com
650,User0650,user650@example.com
651,User0651,user651@example.com
652,User0652,user652@example.com
653,User0653,user653@example.com
654,User0654,user654@example.com
655,User0655,user655@example.com
656,User0656,user656@example.com
657,User0657,user657@example.com
658,User0658,user658@example.com
659,User0659,user659@example.com
660,User0660,user660@example.com
661,User0661,user661@example.com
662,User0662,user662@example.com
663,User0663,user663@example.com
664,User0664,user664@example.com
665,User0665,user665@example.com
666,User0666,user666@example.com
667,User0667,user667@example.com
668,User0668,user668@example.com
669,User0669,user669@example.com
670,User0670,user670@example.com
671,User0671,user671@example.com
672,User0672,user672@example.com
673,User0673,user673@example.com
674,User0674,user674@example.com
675,User0675,user675@example.com
676,User0676,user676@example.com
677,User0677,user677@example.com
678,User0678,user678@example.com
679,User0679,user679@example.com
680,User0680,user680@example.com
681,User0681,user681@example.com
682,User0682,user682@example.com
683,User0683,user683@example.com
684,User0684,user684@example.com
685,User0685,user685@example.com
686,User0686,user686@example.com
687,User0687,user687@example.com
688,User0688,user688@example.com
689,User0689,user689@example.com
690,User0690,user690@example.com
691,User0691,user691@example.com
692,User0692,user692@example.com
693,User0693,user693@example.com
694,User0694,user694@example.com
695,User0695,user695@example.com
696,User0696,user696@example.com
697,User0697,user697@example.com
698,User0698,user698@example.com
699,User0699,user699@example.com
700,User0700,user700@example.com
701,User0701,user701@example.com
702,User0702,user702@example.com
703,User0703,user703@example.com
704,User0704,user704@example.com
705,User0705,user705@example.com
706,User0706,user706@example.com
707,User0707,user707@example.com
708,User0708,user708@example.com
709,User0709,user709@example.com
710,User0710,user710@example.com
711,User0711,user711@example.com
712,User0712,user712@example.com
713,User0713,user713@example.com
714,User0714,user714@example.com
715,User0715,user715@example.com
716,User0716,user716@example.com
717,User0717,user717@example.com
718,User0718,user718@example.com
719,User0719,user719@example.com
720,User0720,user720@example.com
721,User0721,user721@example.com
722,User0722,user722@example.com
723,User0723,user723@example.com
724,User0724,user724@example.com
725,User0725,user725@example.com
726,User0726,user726@example.com
727,User0727,user727@example.com
728,User0728,user728@example.com
729,User0729,user729@example.com
730,User0730,user730@example.com
731,User0731,user731@example.com
732,User0732,user732@example.com
733,User0733,user733@example.com
734,User0734,user734@example.com
735,User0735,user735@example.com
736,User0736,user736@example.com
737,User0737,user737@example.com
738,User0738,user738@example.com
739,User0739,user739@example.com
740,User0740,user740@example.com
741,User0741,user741@example.com
742,User0742,user742@example.com
743,User0743,user743@example.com
744,User0744,user744@example.com
745,User0745,user745@example.com
746,User0746,user746@example.com
747,User0747,user747@example.com
748,User0748,user748@example.com
749,User0749,user749@example.com
750,User0750,user750@example.com
751,User0751,user751@example.com
752,User0752,user752@example.com
753,User0753,user753@example.com
754,User0754,user754@example.com
755,User0755,user755@example.com
756,User0756,user756@example.com
757,User0757,user757@example.com
758,User0758,user758@example.com
759,User0759,user759@example.com
760,User0760,user760@example.com
761,User0761,user761@example.com
762,User0762,user762@example.com
763,User0763,user763@example.com
764,User0764,user764@example.com
765,User0765,user765@example.com
766,User0766,user766@example.com
767,User0767,user767@example.com
768,User0768,user768@example.com
769,User0769,user769@example.com
770,User0770,user770@example.com
771,User0771,user771@example.com
772,User0772,user772@example.com
773,User0773,user773@example.com
774,User0774,user774@example.com
775,User0775,user775@example.com
776,User0776,user776@example.com
777,User0777,user777@example.com
778,User0778,user778@example.com
779,User0779,user779@example.com
780,User0780,user780@example.com
781,User0781,user781@example.com
782,User0782,user782@example.com
783,User0783,user783@example.com
784,User0784,user784@example.com
785,User0785,user785@example.com
786,User0786,user786@example.com
787,User0787,user787@example.com
788,User0788,user788@example.com
789,User0789,user789@example.com
790,User0790,user790@example.com
791,User0791,user791@example.com
792,User0792,user792@example.com
793,User0793,user793@example.com
794,User0794,user794@example.com
795,User0795,user795@example.com
796,User0796,user796@example.com
797,User0797,user797@example.com
798,User0798,user798@example.com
799,User0799,user799@example.com
800,User0800,user800@example.com
801,User0801,user801@example.com
802,User0802,user802@example.com
803,User0803,user803@example.com
804,User0804,user804@example.com
805,User0805,user805@example.com
806,User0806,user806@example.com
807,User0807,user807@example.com
808,User0808,user808@example.com
809,User0809,user809@example.com
810,User0810,user810@example.com
811,User0811,user811@example.com
812,User0812,user812@example.com
813,User0813,user813@example.com
814,User0814,user814@example.com
815,User0815,user815@example.com
816,User0816,user816@example.com
817,User0817,user817@example.com
818,User0818,user818@example.com
819,User0819,user819@example.com
820,User0820,user820@example.com
821,User0821,user821@example.com
822,User0822,user822@example.com
823,User0823,user823@example.com
824,User0824,user824@example.com
825,User0825,user825@example.com
826,User0826,user826@example.com
827,User0827,user827@example.com
828,User0828,user828@example.com
829,User0829,user829@example.com
830,User0830,user830@example.com
831,User0831,user831@example.com
832,User0832,user832@example.com
833,User0833,user833@example.com
834,User0834,user834@example.com
835,User0835,user835@example.com
836,User0836,user836@example.com
837,User0837,user837@example.com
838,User0838,user838@example.com
839,User0839,user839@example.com
840,User0840,user840@example.com
841,User0841,user841@example.com
842,User0842,user842@example.com
843,User0843,user843@example.com
844,User0844,user844@example.com
845,User0845,user845@example.com
846,User0846,user846@example.com
847,User0847,user847@example.com
848,User0848,user848@example.com
849,User0849,user849@example.com
850,User0850,user850@example.com
851,User0851,user851@example.com
852,User0852,user852@example.com
853,User0853,user853@example.com
854,User0854,user854@example.com
855,User0855,user855@example.com
856,User0856,user856@example.com
857,User0857,user857@example.com
858,User0858,user858@example.com
859,User0859,user859@example.com
860,User0860,user860@example.com
861,User0861,user861@example.com
862,User0862,user862@example.com
863,User0863,user863@example.com
864,User0864,user864@example.com
865,User0865,user865@example.com
866,User0866,user866@example.com
867,User0867,user867@example.com
868,User0868,user868@example.com
869,User0869,user869@example.com
870,User0870,user870@example.com
871,User0871,user871@example.com
872,User0872,user872@example.com
873,User0873,user873@example.com
874,User0874,user874@example.com
875,User0875,user875@example.com
876,User0876,user876@example.com
877,User0877,user877@example.com
878,User0878,user878@example.com
879,User0879,user879@example.com
880,User0880,user880@example.com
881,User0881,user881@example.com
882,User0882,user882@example.com
883,User0883,user883@example.com
884,User0884,user884@example.com
885,User0885,user885@example.com
886,User0886,user886@example.com
887,User0887,user887@example.com
888,User0888,user888@example.com
889,User0889,user889@example.com
890,User0890,user890@example.com
891,User0891,user891@example.com
892,User0892,user892@example.com
893,User0893,user893@example.com
894,User0894,user894@example.com
895,User0895,user895@example.com
896,User0896,user896@example.com
897,User0897,user897@example.com
898,User0898,user898@example.com
899,User0899,user899@example.com
900,User0900,user900@example.com
901,User0901,user901@example.com
902,User0902,user902@example.com
903,User0903,user903@example.com
904,User0904,user904@example.com
905,User0905,user905@example.com
906,User0906,user906@example.com
907,User0907,user907@example.com
908,User0908,user908@example.com
909,User0909,user909@example.com
910,User0910,user910@example.com
911,User0911,user911@example.com
912,User0912,user912@example.com
913,User0913,user913@example.com
914,User0914,user914@example.com
915,User0915,user915@example.com
916,User0916,user916@example.com
917,User0917,user917@example.com
918,User0918,user918@example.com
919,User0919,user919@example.com
920,User0920,user920@example.com
921,User0921,user921@example.com
922,User0922,user922@example.com
923,User0923,user923@example.com
924,User0924,user924@example.com
925,User0925,user925@example.com
926,User0926,user926@example.com
927,User0927,user927@example.com
928,User0928,user928@example.com
929,User0929,user929@example.com
930,User0930,user930@example.com
931,User0931,user931@example.com
932,User0932,user932@example.com
933,User0933,user933@example.com
934,User0934,user934@example.com
935,User0935,user935@example.com
936,User0936,user936@example.com
937,User0937,user937@example.com
938,User0938,user938@example.com
939,User0939,user939@example.com
940,User0940,user940@example.com
941,User0941,user941@example.com
942,User0942,user942@example.com
943,User0943,user943@example.com
944,User0944,user944@example.com
945,User0945,user945@example.com
946,User0946,user946@example.com
947,User0947,user947@example.com
948,User0948,user948@example.com
949,User0949,user949@example.com
950,User0950,user950@example.com
951,User0951,user951@example.com
952,User0952,user952@example.com
953,User0953,user953@example.com
954,User0954,user954@example.com
955,User0955,user955@example.com
956,User0956,user956@example.com
957,User0957,user957@example.com
958,User0958,user958@example.com
959,User0959,user959@example.com
960,User0960,user960@example.com
961,User0961,user961@example.com
962,User0962,user962@example.com
963,User0963,user963@example.com
964,User0964,user964@example.com
965,User0965,user965@example.com
966,User0966,user966@example.com
967,User0967,user967@example.com
968,User0968,user968@example.com
969,User0969,user969@example.com
970,User0970,user970@example.com
971,User0971,user971@example.com
972,User0972,user972@example.com
973,User0973,user973@example.com
974,User0974,user974@example.com
975,User0975,user975@example.com
976,User0976,user976@example.com
977,User0977,user977@example.com
978,User0978,user978@example.com
979,User0979,user979@example.com
980,User0980,user980@example.com
981,User0981,user981@example.com
982,User0982,user982@example.com
983,User0983,user983@example.com
984,User0984,user984@example.com
985,User0985,user985@example.com
986,User0986,user986@example.com
987,User0987,user987@example.com
988,User0988,user988@example.com
989,User0989,user989@example.com
990,User0990,user990@example.com
991,User0991,user991@example.com
992,User0992,user992@example.com
993,User0993,user993@example.com
994,User0994,user994@example.com
995,User0995,user995@example.com
996,User0996,user996@example.com
997,User0997,user997@example.com
998,User0998,user998@example.com
999,User0999,user999@example.com
1000,User1000,user1000@example.com
